{
  "kind": "collectionType",
  "collectionName": "usuarios",
  "info": {
    "singularName": "usuario",
    "pluralName": "usuarios",
    "displayName": "Usuarios"
  },
  "options": {
    "draftAndPublish": true
  },
  "pluginOptions": {},
  "attributes": {
    "nombre": {
      "type": "string"
    },
    "apellidos": {
      "type": "string"
    },
    "correo": {
      "type": "email"
    },
    "password": {
      "type": "password"
    },
    "foto": {
      "allowedTypes": [
        "images",
        "files",
        "videos",
        "audios"
      ],
      "type": "media",
      "multiple": false
    }
  }
}
