{
	"dates": {
		"maximum": "2022-09-16",
		"minimum": "2022-07-30"
	},
	"page": 1,
	"results": [
		{
			"adult": false,
			"backdrop_path": "/2RSirqZG949GuRwN38MYCIGG4Od.jpg",
			"genre_ids": [53],
			"id": 985939,
			"original_language": "en",
			"original_title": "Fall",
			"overview": "Para las mejores amigas Becky y Hunter, la vida trata de superar tus miedos y empujar tus límites. Sin embargo, después de subir hasta la cima de una torre de comunicaciones abandonada, se encuentran atrapadas y sin forma de bajar. A 600 metros del suelo y totalmente alejadas de la civilización, las chicas pondrán a prueba sus habilidades de escaladoras expertas y lucharán desesperadamente por sobrevivir aunque lo tengan todo en contra. ¿Lo conseguirán?",
			"popularity": 6731.327,
			"poster_path": "/cOWPC7Sg9xoDM5i3uzs4iQtSPUj.jpg",
			"release_date": "2022-08-11",
			"title": "Vértigo",
			"video": false,
			"vote_average": 7.4,
			"vote_count": 346
		},
		{
			"adult": false,
			"backdrop_path": "/ugS5FVfCI3RV0ZwZtBV3HAV75OX.jpg",
			"genre_ids": [16, 878, 28],
			"id": 610150,
			"original_language": "ja",
			"original_title": "ドラゴンボール超 スーパーヒーロー",
			"overview": "Son Goku destruyó en su momento al Ejército Red Ribbon. Ahora, ciertos individuos han decidido continuar con su legado y han creado a los androides definitivos: Gamma 1 y Gamma 2. Estos dos androides se autoproclaman \"superhéroes\" y deciden atacar a Piccolo y a Gohan. ¿Cuál es el objetivo del Nuevo Ejército Red Ribbon?  Ante un peligro inminente, ¡llega el momento del despertar del Superhéroe!",
			"popularity": 5953.989,
			"poster_path": "/uohymzBVaIYjbnoQstbnlia6ZPJ.jpg",
			"release_date": "2022-06-11",
			"title": "Dragon Ball Super: Super Hero",
			"video": false,
			"vote_average": 8,
			"vote_count": 1426
		},
		{
			"adult": false,
			"backdrop_path": "/xfNHRI2f5kHGvogxLd0C5sB90L7.jpg",
			"genre_ids": [16, 28, 10751, 878, 35],
			"id": 539681,
			"original_language": "en",
			"original_title": "DC League of Super-Pets",
			"overview": "Krypto el Superperro y Superman son amigos inseparables que comparten los mismos superpoderes y luchan juntos contra el crimen en Metrópolis. Cuando Superman y el resto de la Liga de la Justicia son secuestrados, Krypto debe convencer a un variopinto grupo de un albergue –Ace el sabueso, PB la cerdita barrigona, Merton la tortuga y Chip la ardilla– de dominar sus nuevos poderes y ayudarlo a rescatar a los superhéroes.",
			"popularity": 2932.591,
			"poster_path": "/lDtANZzTD80bVi1DTRKRVDrurhJ.jpg",
			"release_date": "2022-07-27",
			"title": "DC Liga De Súpermascotas",
			"video": false,
			"vote_average": 7.6,
			"vote_count": 475
		},
		{
			"adult": false,
			"backdrop_path": "/nmGWzTLMXy9x7mKd8NKPLmHtWGa.jpg",
			"genre_ids": [16, 12, 35, 14],
			"id": 438148,
			"original_language": "en",
			"original_title": "Minions: The Rise of Gru",
			"overview": "Mucho antes de convertirse en un genio del mal, Gru no era más que un chaval de 12 años en plenos años 70 tratando de conquistar el mundo desde el sótano de su casa de un barrio residencial cualquiera. Y no le iba demasiado bien. Pero cuando Gru se cruza en su camino con Kevin, Stuart, Bob, y Otto —un nuevo Minion con aparato en los dientes y desesperado por sentirse aceptado—, esta inesperada familia unirá fuerzas para construir su primera guarida, diseñar sus primeras armas y llevar a cabo sus primeras misiones.",
			"popularity": 2192.824,
			"poster_path": "/zBk0guZ6NI2aHclb4sbrQdrrnOC.jpg",
			"release_date": "2022-06-29",
			"title": "Minions: El origen de Gru",
			"video": false,
			"vote_average": 7.7,
			"vote_count": 1879
		},
		{
			"adult": false,
			"backdrop_path": "/xVbppM1xgbskOKgOuV8fbWBWHtt.jpg",
			"genre_ids": [27, 9648, 878, 53],
			"id": 762504,
			"original_language": "en",
			"original_title": "Nope",
			"overview": "Dos rancheros de un remoto pueblo del interior de California hacen un descubrimiento tan insólito como escalofriante.",
			"popularity": 1783.019,
			"poster_path": "/hlJKvYdKJJeWoKeNNs1Fom1chIz.jpg",
			"release_date": "2022-07-20",
			"title": "Nop",
			"video": false,
			"vote_average": 7,
			"vote_count": 1321
		},
		{
			"adult": false,
			"backdrop_path": "/3VQj6m0I6gkuRaljmhNZl0XR3by.jpg",
			"genre_ids": [16, 12, 35, 14],
			"id": 585511,
			"original_language": "en",
			"original_title": "Luck",
			"overview": "Sam Greenfield es la persona con menos suerte del mundo. Cuando de repente se encuentra en la desconocida Tierra de la Suerte, debe aliarse con los seres mágicos que la habitan para que su suerte cambie.",
			"popularity": 1566.022,
			"poster_path": "/q5v13A4zZ0ffXqDQMfxKcNu1xzQ.jpg",
			"release_date": "2022-08-05",
			"title": "Luck",
			"video": false,
			"vote_average": 8,
			"vote_count": 654
		},
		{
			"adult": false,
			"backdrop_path": "/AfvIjhDu9p64jKcmohS4hsPG95Q.jpg",
			"genre_ids": [27, 53],
			"id": 756999,
			"original_language": "en",
			"original_title": "The Black Phone",
			"overview": "En una ciudad de Colorado, en los años 70, un enmascarado secuestra a Finney Shaw, un chico tímido e inteligente de 13 años, y le encierra en un sótano insonorizado donde de nada sirven sus gritos. Cuando un teléfono roto y sin conexión empieza a sonar, Finney descubre que a través de él puede oír las voces de las anteriores víctimas, las cuales están decididas a impedir que Finney acabe igual que ellas.",
			"popularity": 1561.882,
			"poster_path": "/1D2R2wIgbTyXTPzmyJIKSbVN9wG.jpg",
			"release_date": "2022-06-22",
			"title": "Black Phone",
			"video": false,
			"vote_average": 7.9,
			"vote_count": 2404
		},
		{
			"adult": false,
			"backdrop_path": "/rwgmDkIEv8VjAsWx25ottJrFvpO.jpg",
			"genre_ids": [10749, 18],
			"id": 744276,
			"original_language": "en",
			"original_title": "After Ever Happy",
			"overview": "El amor de Tessa y Hardin nunca ha sido fácil. Mientras él permanece en Londres después de la boda de su madre y se hunde cada vez más en su propia oscuridad, ella regresa a Seattle. Tessa es la única capaz de entenderle y calmarle... él la necesita, pero ella ya no es la chica buena y dulce que era cuando llegó a la universidad. Deberá plantearse si lo que debe hacer ahora es salvar a Hardin y su relación con él, o si ha llegado el momento de pensar solo en ella. Si quieren que su amor sobreviva, primero tendrán que trabajar en sí mismos. ¿Pero será su destino seguir estando juntos?",
			"popularity": 1366.839,
			"poster_path": "/iA7oMNByuPRIapcILH8zwEoxV2h.jpg",
			"release_date": "2022-08-24",
			"title": "After. Amor infinito",
			"video": false,
			"vote_average": 6.5,
			"vote_count": 48
		},
		{
			"adult": false,
			"backdrop_path": "/1n7ZGr6WeDOW4rFiQKmFel8baWH.jpg",
			"genre_ids": [53, 27],
			"id": 760741,
			"original_language": "en",
			"original_title": "Beast",
			"overview": "El Doctor Nate Samuels, que se ha quedado viudo recientemente, regresa a Sudáfrica, lugar en el que conoció a su mujer, para visitar una reserva de animales con sus hijas. Pero lo que empieza siendo un viaje curativo se convierte en una lucha por la supervivencia cuando un león que ha escapado de unos cazadores furtivos empieza a seguirles.",
			"popularity": 1316.291,
			"poster_path": "/lGIkv9fQ3i7yVcJXDvG0Vry00LI.jpg",
			"release_date": "2022-08-11",
			"title": "La bestia",
			"video": false,
			"vote_average": 6.9,
			"vote_count": 160
		},
		{
			"adult": false,
			"backdrop_path": "/14QbnygCuTO0vl7CAFmPf1fgZfV.jpg",
			"genre_ids": [28, 12, 878],
			"id": 634649,
			"original_language": "en",
			"original_title": "Spider-Man: No Way Home",
			"overview": "Peter Parker es desenmascarado y por tanto no es capaz de separar su vida normal de los enormes riesgos que conlleva ser un súper héroe. Cuando pide ayuda a Doctor Strange, los riesgos pasan a ser aún más peligrosos, obligándole a descubrir lo que realmente significa ser Spider-Man.",
			"popularity": 1213.928,
			"poster_path": "/miZFgV81xG324rpUknQX8dtXuBl.jpg",
			"release_date": "2021-12-15",
			"title": "Spider-Man: No Way Home",
			"video": false,
			"vote_average": 8,
			"vote_count": 15029
		},
		{
			"adult": false,
			"backdrop_path": "/8wwXPG22aNMpPGuXnfm3galoxbI.jpg",
			"genre_ids": [28, 12, 10751, 35],
			"id": 675353,
			"original_language": "en",
			"original_title": "Sonic the Hedgehog 2",
			"overview": "Después de establecerse en Green Hills, Sonic se muere por demostrar que tiene madera de auténtico héroe, pero Robotnik regresa con nuevo compañero Knuckles, en busca de una esmeralda que tiene el poder de destruir civilizaciones, pero Sonic no está solo, le ayudará Tails.",
			"popularity": 1142.192,
			"poster_path": "/sJiHVM0A3OXDVxl4Z6a7ihMPHfm.jpg",
			"release_date": "2022-03-30",
			"title": "Sonic 2: La película",
			"video": false,
			"vote_average": 7.7,
			"vote_count": 2949
		},
		{
			"adult": false,
			"backdrop_path": "/iGHFjqxH5c8zRibnZbh9qEYTBho.jpg",
			"genre_ids": [28],
			"id": 1008779,
			"original_language": "es",
			"original_title": "La Princesa",
			"overview": "Al negarse a casarse con un capo de la droga, Grecia está decidida a pagar ella misma la deuda de su padre. Para ganar el dinero, decide apostar en los palenques de Sinaloa, donde conoce a Armando. Inmediatamente queda cautivado por su belleza y actitud intrépida. Pero, poco sabe él que enamorarse de ella será su esfuerzo más peligroso. Basado en el famoso corrido \"La Princesa\", de Alfredo Ríos \"El Komander\".",
			"popularity": 1114.712,
			"poster_path": "/ksxiXqwPuEjh3gct1zUpyzNoQFt.jpg",
			"release_date": "2022-08-05",
			"title": "La Princesa",
			"video": false,
			"vote_average": 7.6,
			"vote_count": 54
		},
		{
			"adult": false,
			"backdrop_path": "/5GA3vV1aWWHTSDO5eno8V5zDo8r.jpg",
			"genre_ids": [27, 53, 80, 9648],
			"id": 760161,
			"original_language": "en",
			"original_title": "Orphan: First Kill",
			"overview": "Tras escapar de un centro psiquiátrico estonio, Leena Klammer viaja a América haciéndose pasar por Esther, la hija desaparecida de una familia adinerada. Pero cuando su máscara empieza a caer, se enfrenta a una madre que protegerá a su familia de la \"niña\" asesina a cualquier precio.",
			"popularity": 864.758,
			"poster_path": "/nODIZa8p2Y31CKlp5JS0LFRmeXF.jpg",
			"release_date": "2022-07-27",
			"title": "La Huérfana: El Origen",
			"video": false,
			"vote_average": 7.1,
			"vote_count": 487
		},
		{
			"adult": false,
			"backdrop_path": "/fQ5sZ6frXiAZuufgkVJnDwFFUQ4.jpg",
			"genre_ids": [53],
			"id": 948333,
			"original_language": "en",
			"original_title": "Into the Deep",
			"overview": "Sigue a una mujer desesperada por escapar de su pueblo, conoce a un extraño que le promete una escapada romántica, pero resulta en engaño, desconfianza y violencia.",
			"popularity": 764.081,
			"poster_path": "/wvIPVmGIJ8RqPS6NVbEeYX9K0gf.jpg",
			"release_date": "2022-08-26",
			"title": "En Lo Profundo",
			"video": false,
			"vote_average": 7.2,
			"vote_count": 11
		},
		{
			"adult": false,
			"backdrop_path": "/qViFGWCHaSmW4gP00RGh3xjMjsP.jpg",
			"genre_ids": [27, 9648],
			"id": 758724,
			"original_language": "en",
			"original_title": "The Cellar",
			"overview": "Cuando la hija de Keira Woods desaparece misteriosamente en el sótano de su nueva casa en el campo, pronto descubre que hay una entidad antigua y poderosa que controla su hogar a la que tendrá que enfrentarse o arriesgarse a perder el alma de su familia para siempre.",
			"popularity": 730.709,
			"poster_path": "/3GHtFZrP5es8jK2VYRDyF3FvXME.jpg",
			"release_date": "2022-03-25",
			"title": "The Cellar",
			"video": false,
			"vote_average": 6.6,
			"vote_count": 221
		},
		{
			"adult": false,
			"backdrop_path": "/k2G4WqGiT60K9yJnPh4K6VLnl3A.jpg",
			"genre_ids": [28, 12, 14],
			"id": 639933,
			"original_language": "en",
			"original_title": "The Northman",
			"overview": "El príncipe Amleth está a punto de convertirse en hombre pero, en ese momento, su tío asesina brutalmente a su padre y secuestra a la madre del niño. Dos décadas después, Amleth es un vikingo que tiene la misión de salvar a su madre.",
			"popularity": 713.496,
			"poster_path": "/rdx0bIkwxW3EHvWn5kxZBFUT1Am.jpg",
			"release_date": "2022-04-07",
			"title": "El hombre del norte",
			"video": false,
			"vote_average": 7.2,
			"vote_count": 2324
		},
		{
			"adult": false,
			"backdrop_path": "/pdD47rPAYKVdPasoyhSAFPIFIWo.jpg",
			"genre_ids": [28, 35, 53],
			"id": 718930,
			"original_language": "en",
			"original_title": "Bullet Train",
			"overview": "Cinco asesinos a sueldo se encuentran a bordo de un tren bala que viaja de Tokio a Morioka con unas pocas paradas intermedias. Descubren que sus misiones no son ajenas entre sí. La pregunta es quién saldrá vivo del tren y qué les espera en la estación final.",
			"popularity": 701.603,
			"poster_path": "/tnPGFoeQpLznLplytqPjmvRIJ2F.jpg",
			"release_date": "2022-07-03",
			"title": "Bullet Train",
			"video": false,
			"vote_average": 7.5,
			"vote_count": 711
		},
		{
			"adult": false,
			"backdrop_path": "/7Y3LdmsZukXhmwxtO0UF95BFBTt.jpg",
			"genre_ids": [18, 9648, 53],
			"id": 682507,
			"original_language": "en",
			"original_title": "Where the Crawdads Sing",
			"overview": "La historia de Kya, una niña abandonada que se crió hasta la edad adulta en los peligrosos pantanos de Carolina del Norte. Atraída por dos jóvenes de la ciudad, Kya se abre a un mundo nuevo y sorprendente; pero cuando uno de ellos es encontrado muerto, la comunidad inmediatamente la señala como la principal sospechosa.",
			"popularity": 688.674,
			"poster_path": "/zuAQbLrYLlRvz5fTzU9rMJwRXCp.jpg",
			"release_date": "2022-07-15",
			"title": "La chica salvaje",
			"video": false,
			"vote_average": 7.4,
			"vote_count": 169
		},
		{
			"adult": false,
			"backdrop_path": "/vjnLXptqdxnpNJer5fWgj2OIGhL.jpg",
			"genre_ids": [28, 53, 80],
			"id": 818397,
			"original_language": "en",
			"original_title": "Memory",
			"overview": "Alex, un asesino a sueldo, descubre que se ha convertido en un objetivo después de que se niega a completar un trabajo para una peligrosa organización criminal. Con el sindicato del crimen y el FBI persiguiéndolo, Alex tiene las habilidades para mantenerse a la vanguardia, excepto por una cosa: está luchando con una pérdida de memoria severa que afecta todos sus movimientos. Alex debe cuestionar cada una de sus acciones y en quién puede confiar en última instancia.",
			"popularity": 639.998,
			"poster_path": "/zfC8bfoMZhaCxswi41CjesysfhZ.jpg",
			"release_date": "2022-04-28",
			"title": "La memoria de un asesino",
			"video": false,
			"vote_average": 7.2,
			"vote_count": 748
		},
		{
			"adult": false,
			"backdrop_path": "/ftGzl2GCyko61Qp161bQElN2Uzd.jpg",
			"genre_ids": [28, 53],
			"id": 961484,
			"original_language": "en",
			"original_title": "Last Seen Alive",
			"overview": "Tras la desaparición repentina de que la esposa de Will Spann en una gasolinera, su búsqueda desesperada por encontrarla lo lleva por un camino oscuro que lo obliga a huir de las autoridades y tomar la ley en sus propias manos.",
			"popularity": 601.083,
			"poster_path": "/2r5ZISrHQUQLBMdAJF3CDDAxp54.jpg",
			"release_date": "2022-05-19",
			"title": "Desaparecida sin rastro",
			"video": false,
			"vote_average": 6.7,
			"vote_count": 283
		}
	],
	"total_pages": 81,
	"total_results": 1617
}
